User Name,First Name,Last Name,Display Name,Job Title,Department,Office Number,Office Phone,Mobile Phone,Fax,Address,City,State or Province,ZIP or Postal Code,Country or Region
chris,Chris,Green,Chris Green,IT Manager,Information Technology,123451,123-555-1211,123-555-6641,123-555-9821,1 Microsoft way,Redmond,Wa,98052,United States
chris2,Chrisa,Green1,Chrisas Green12,ITdsd Manager,Information Technology,1234251,123-555-1211,123-555-6641,123-555-9821,1 Microsoft way,Redmond,Wa,98052,United States
ben,Ben,Andrews,Ben Andrews,IT Manager,Information Technology,123452,123-555-1212,123-555-6642,123-555-9822,1 Microsoft way,Redmond,Wa,98052,United States
david,David,Longmuir,David Longmuir,IT Manager,Information Technology,123453,123-555-1213,123-555-6643,123-555-9823,1 Microsoft way,Redmond,Wa,98052,United States
cynthia,Cynthia,Carey,Cynthia Carey,IT Manager,Information Technology,123454,123-555-1214,123-555-6644,123-555-9824,1 Microsoft way,Redmond,Wa,98052,United States
melissa,Melissa,MacBeth,Melissa MacBeth,IT Manager,Information Technology,123455,123-555-1215,123-555-6645,123-555-9825,1 Microsoft way,Redmond,Wa,98052,United States
kk1,konrad1 ,kal1,konrad kal1,11asdsdfds,sledzie ,123455,123-555-1215,123-555-6645,123-555-9825,1 Microsoft way,Redmond,Wa,98052,United States